Method,Original design target,Original benchmarks,Later re-evaluated on,Unified/shared model?,Train scenario labels,Test scenario labels,Direct evidence,Evidence boundary
XQDA [41],Ground RGB,"VIPeR, Market-1501",—,No,No,No,Ground RGB metric learning,No cross-spectrum/platform evidence
PCB [47],Ground RGB,Market-1501,—,No,No,No,Ground RGB local parts,No mixed-gallery evidence
BoT [45],Ground RGB,"Market-1501, MSMT17",WHU-MARS AS-ReID,Later baseline only,No,No,Direct on original and later benchmark,Later evaluation does not change original target
AGW [1],Ground RGB,"Market-1501, MSMT17",WHU-MARS AS-ReID,Later baseline only,No,No,Ground RGB and later mixed-gallery baseline,No original mixed-source design
TransReID [49],Ground RGB,"Market-1501, MSMT17","MP-ReID, WHU-MARS",Shared backbone; later tests,Protocol-dependent,Protocol-dependent,Direct on listed protocols,Original design remains Ground RGB
CAJ [51],VI-ReID,"SYSU-MM01, RegDB",MP-ReID,Pair-specific,Yes,Yes,Visible–infrared protocols,No direct mixed-gallery evidence
DEEN [53],VI-ReID,"SYSU-MM01, LLCM",MP-ReID,Pair-specific,Yes,Yes,VI and low-light protocols,No direct platform-combination evidence
SAAI [54],VI-ReID,SYSU-MM01,MP-ReID,Pair-specific,Yes,Yes,Identity-level cross-spectrum alignment,No mixed-gallery evidence
CSDN [56],VI-ReID,SYSU-MM01,MP-ReID,Pair-specific,Yes,Yes,CLIP-assisted VI retrieval,No direct open-identity evidence
RotTrans [60],UAV RGB,PRAI-1581,—,No,No,No,UAV intra-platform,No aerial–ground evidence
VDT [14],Aerial–ground,"CARGO, AG-ReID",CP2108,Pair-specific,Yes,No,Original aerial–ground protocols; later CP2108 baseline,Later CP2108/ALL evidence does not change original design target
VIF-AGReID [62],Aerial–ground,"AG-ReID, CARGO",—,Pair-specific,Yes,No,Aerial–ground cross-platform,No cross-spectrum mixed-gallery evidence
ViSA [63],Aerial–ground,"AG-ReID, CARGO, LAGPeR",—,Pair-specific,Yes,Yes,Viewpoint-aware aerial–ground,No proof of universal mixed-gallery ability
SVPR-ReID [4],Aerial–ground,CP2108,—,Pair-specific,Yes,No,Semantic aerial–ground protocols,No open-identity evidence
Uni-Prompt [3],Multimodal–multiplatform fixed settings,MP-ReID,—,One model across fixed pairs,Yes,Yes,Six pair experiments,Fixed directions are not mixed gallery
UAD [5],Heterogeneous mixed gallery,WHU-MARS,—,Single model,Yes,Yes,AS-ReID unified ranking,Known-source closed-world scope
CLIP-ReID [65],Ground RGB / vision-language,Market-1501,"MP-ReID, WHU-MARS",Later baseline only,No,No,Original and later baseline results,Text pretraining is not text-query evidence
