Dataset,Availability,License,Ethics/Consent,Anonymization,Usage restriction,Maintenance,Availability checked,Evidence source,Official URL or archived URL,Source version/date
VIPeR [15],Legacy public download URL referenced; original project page not reliably accessible,Not explicitly reported in the listed evidence sources (checked 2026-09-04).,Not explicitly reported in the listed evidence sources (checked 2026-09-04).,Not explicitly reported in the listed evidence sources (checked 2026-09-04).,Not explicitly reported in the listed evidence sources (checked 2026-09-04).,Legacy resource; no explicit maintenance plan,2026-09-04,Original paper [15]; legacy Duke project page; Internet Archive index,https://web.archive.org/web/*/https://vision.cs.duke.edu/projects/viper/,Paper: 2008; archived landing-page index checked 2026-09-04
"CUHK03 [16, 17]",Legacy official download page indexed; direct legacy page currently inaccessible at last check,Not explicitly reported in the listed evidence sources (checked 2026-09-04).,Not explicitly reported in the listed evidence sources (checked 2026-09-04).,Not explicitly reported in the listed evidence sources (checked 2026-09-04).,Not explicitly reported in the listed evidence sources (checked 2026-09-04).,Current CUHK dataset index available; legacy detail page unstable,2026-09-04,Original paper [16]; CUHK person-identification data index; CUHK03-NP [17],https://www.ee.cuhk.edu.hk/~xgwang/CUHK_identification.html,Papers: 2014/2017; page checked 2026-09-04
Market-1501 [18],Registration required,Provider usage terms; no standardised open license identified,Not explicitly reported in the listed evidence sources (checked 2026-09-04).,Not explicitly reported in the listed evidence sources (checked 2026-09-04).,Academic/research use only; no redistribution; no commercial use,Legacy access page available; no explicit maintenance plan,2026-09-04,Original paper [18]; official Market-1501 project/access page,https://zheng-lab-anu.github.io/Project/project_reid.html,Paper: 2015; page checked 2026-09-04
MSMT17 [19],Available upon request; signed release agreement required,MSMT17 Release Agreement; NELVT/PKU copyright,Not explicitly reported in the listed evidence sources (checked 2026-09-04).,Not explicitly reported in the listed evidence sources (checked 2026-09-04).,Academic/scientific research only; no redistribution; no commercial use; dataset images may not be published or shown,Official PKU dataset page and release agreement available; no explicit maintenance plan,2026-09-04,Original paper [19]; official PKU VMC release page and MSMT17 Release Agreement,https://www.pkuvmc.com/,Paper: 2018; agreement/page state checked 2026-09-04
RegDB [22],Official legacy link currently unavailable,Not explicitly reported in the listed evidence sources (checked 2026-09-04).,Not explicitly reported in the listed evidence sources (checked 2026-09-04).,Not explicitly reported in the listed evidence sources (checked 2026-09-04).,Not explicitly reported in the listed evidence sources (checked 2026-09-04).,Legacy official page; unavailable at last check,2026-09-04,Original paper [22]; legacy project link referenced by the release,https://doi.org/10.3390/s17030605,Paper: 2017; legacy-link status checked 2026-09-04
SYSU-MM01 [23],Available upon request; signed release agreement required,Dataset Release Agreement,Explicit participant consent/privacy license reported,Not explicitly reported in the listed evidence sources (checked 2026-09-04).,Scientific research use; subject to release agreement,Official repository available; no explicit maintenance plan,2026-09-04,Original paper [23]; official SYSU-MM01 repository and Dataset Release Agreement,https://github.com/wuancong/SYSU-MM01,Paper: 2017; repository/agreement state checked 2026-09-04
RGBNT201 [24],Publicly downloadable,Not explicitly reported in the listed evidence sources (checked 2026-09-04).,Not explicitly reported in the listed evidence sources (checked 2026-09-04).,Not explicitly reported in the listed evidence sources (checked 2026-09-04).,Not explicitly reported in the listed evidence sources (checked 2026-09-04).,Author dataset page and download link available; no explicit maintenance plan,2026-09-04,Original paper [24]; author dataset page/download link,No durable official or archived URL retained in the current evidence package; see [24].,Paper: 2021; source package checked 2026-09-04
PRAI-1581 [25],Publicly downloadable,Not explicitly reported in the listed evidence sources (checked 2026-09-04).,Not explicitly reported in the listed evidence sources (checked 2026-09-04).,Not explicitly reported in the listed evidence sources (checked 2026-09-04).,Not explicitly reported in the listed evidence sources (checked 2026-09-04).,Official repository available; no explicit maintenance plan,2026-09-04,Original paper [25]; official PRAI-1581 repository,https://github.com/stormyoung/PRAI-1581,Paper: 2021; repository state checked 2026-09-04
AG-ReID.v2 [27],Publicly downloadable,Not explicitly reported in the listed evidence sources (checked 2026-09-04).,Ethics committee approval reported; individual consent not explicitly stated,Face pixelation applied,Not explicitly reported in the listed evidence sources (checked 2026-09-04).,Official repository available; no explicit maintenance plan,2026-09-04,Original paper [27]; official AG-ReID.v2 repository,https://github.com/huynguyen792/AG-ReID.v2,Paper: 2024; repository state checked 2026-09-04
CARGO [14],Publicly downloadable,Academic-use dataset terms; copyright retained,N/A (synthetic),N/A (synthetic),Academic purposes only; no commercial use,Official repository available; no explicit maintenance plan,2026-09-04,Original paper [14]; authors' official project/repository,No durable official or archived URL retained in the current evidence package; see [14].,Paper: 2024; source package checked 2026-09-04
CP2108 [4],Publicly downloadable,Dataset usage license referenced by official repository; specific terms not exposed on project page,Not explicitly reported in the listed evidence sources (checked 2026-09-04).,Not explicitly reported in the listed evidence sources (checked 2026-09-04).,Public study use indicated; no more specific restriction verified,Official repository actively updated; direct dataset link available,2026-09-04,Original paper [4]; official repository and dataset-usage-license reference,No durable official or archived URL retained in the current evidence package; see [4].,Original release; repository state checked 2026-09-04
AT-USTC [28],Available upon request; signed release agreement required,Dataset Release Agreement,Volunteer consent explicitly reported,Not explicitly reported in the listed evidence sources (checked 2026-09-04).,Subject to dataset release agreement,Official repository available; no explicit maintenance plan,2026-09-04,Original paper [28]; official repository and Dataset Release Agreement,No durable official or archived URL retained in the current evidence package; see [28].,Original release; repository/agreement state checked 2026-09-04
MP-ReID [3],Available upon request; signed agreement required,Dataset agreement required,Not explicitly reported in the listed evidence sources (checked 2026-09-04).,Facial mosaicking; original raw footage deleted,Subject to dataset agreement,Official project page and repository available; no explicit maintenance plan,2026-09-04,Original paper [3]; official MP-ReID repository and dataset agreement,https://github.com/MP-ReID/mp-reid,Paper: 2025; repository/agreement state checked 2026-09-04
WHU-MARS [5],Available upon request; signed agreement required,WHU-MARS Dataset Agreement,Institutional authorization reported; on-site notices posted,Automatic face mosaicking; personally identifiable metadata removed,Non-commercial academic research only; redistribution prohibited,Official repository available; current 2026 release,2026-09-04,Original paper [5]; official WHU-MARS repository and Dataset Agreement,https://github.com/msm8976/WHU-MARS,Release: 2026; repository/agreement state checked 2026-09-04
CUHK01 [S1],Legacy official download page indexed; direct legacy page currently inaccessible at last check,Not explicitly reported in the listed evidence sources (checked 2026-09-04).,Not explicitly reported in the listed evidence sources (checked 2026-09-04).,Not explicitly reported in the listed evidence sources (checked 2026-09-04).,Not explicitly reported in the listed evidence sources (checked 2026-09-04).,Current CUHK dataset index available; legacy detail page unstable,2026-09-04,Original paper [S1]; CUHK person-identification data index,https://www.ee.cuhk.edu.hk/~xgwang/CUHK_identification.html,Paper: 2012; page checked 2026-09-04
CUHK02 [S2],Legacy official download page indexed; direct legacy page currently inaccessible at last check,Not explicitly reported in the listed evidence sources (checked 2026-09-04).,Not explicitly reported in the listed evidence sources (checked 2026-09-04).,Not explicitly reported in the listed evidence sources (checked 2026-09-04).,Not explicitly reported in the listed evidence sources (checked 2026-09-04).,Current CUHK dataset index available; legacy detail page unstable,2026-09-04,Original paper [S2]; CUHK person-identification data index,https://www.ee.cuhk.edu.hk/~xgwang/CUHK_identification.html,Paper: 2013; page checked 2026-09-04
GRID [42],Publicly downloadable,Research-use terms; no standardised open license identified,Not explicitly reported in the listed evidence sources (checked 2026-09-04).,Not explicitly reported in the listed evidence sources (checked 2026-09-04).,Research purposes only; no commercial use,Official legacy dataset page available; no explicit maintenance plan,2026-09-04,Original paper [42]; legacy official GRID page,No durable official or archived URL retained in the current evidence package; see [42].,Original release; legacy-page status checked 2026-09-04
"DukeMTMC-reID [S3, S4]",Withdrawn by creators; official distribution unavailable,Legacy CC BY-NC-SA 4.0 license,Withdrawn following privacy concerns,Not explicitly reported in the listed evidence sources (checked 2026-09-04).,Dataset withdrawn; current CVF ethics guidance treats it as unsuitable for submissions,Withdrawn; no active official distribution,2026-09-04,Original paper [S4]; creators' withdrawal notice; CVF ethics guidance,https://www.cv-foundation.org/ethics,Original release: 2016; withdrawal guidance checked 2026-09-04
MARS [29],Publicly downloadable,Not explicitly reported in the listed evidence sources (checked 2026-09-04).,Not explicitly reported in the listed evidence sources (checked 2026-09-04).,Not explicitly reported in the listed evidence sources (checked 2026-09-04).,Not explicitly reported in the listed evidence sources (checked 2026-09-04).,Official legacy project/download page available; no explicit maintenance plan,2026-09-04,Original paper [29]; official MARS project/download page,https://zheng-lab-anu.github.io/Project/project_mars.html,Paper: 2016; page checked 2026-09-04
iLIDS-VID [30],Publicly downloadable,Not explicitly reported in the listed evidence sources (checked 2026-09-04).,Not explicitly reported in the listed evidence sources (checked 2026-09-04).,Not explicitly reported in the listed evidence sources (checked 2026-09-04).,Not explicitly reported in the listed evidence sources (checked 2026-09-04).,Official legacy dataset page available; no explicit maintenance plan,2026-09-04,Original paper [30]; legacy iLIDS-VID dataset page,No durable official or archived URL retained in the current evidence package; see [30].,Paper: 2016; legacy-page status checked 2026-09-04
LLCM [53],Available upon request; signed release agreement required,LLCM Dataset Release Agreement,Not explicitly reported in the listed evidence sources (checked 2026-09-04).,Not explicitly reported in the listed evidence sources (checked 2026-09-04).,Subject to dataset release agreement,Official repository and release agreement available,2026-09-04,Original paper [53]; official LLCM repository and Dataset Release Agreement,https://github.com/ZYK100/LLCM,Paper: 2023; repository/agreement state checked 2026-09-04
HITSZ-VCM [31],Publicly downloadable,Dataset-specific academic-use license,Not explicitly reported in the listed evidence sources (checked 2026-09-04).,Not explicitly reported in the listed evidence sources (checked 2026-09-04).,Academic use only; no redistribution; no commercial model use; trained models may only be distributed for non-commercial use,Official repository and download links available; no explicit maintenance plan,2026-09-04,Original paper [31]; official repository and dataset-specific license,No durable official or archived URL retained in the current evidence package; see [31].,Paper: 2022; repository/license state checked 2026-09-04
PRCC [84],Publicly downloadable,Academic-use dataset terms; copyright retained by iSEE/SYSU,Not explicitly reported in the listed evidence sources (checked 2026-09-04).,Not explicitly reported in the listed evidence sources (checked 2026-09-04).,Academic purposes only; no commercial use,Official project page and download links available; no explicit maintenance plan,2026-09-04,Original paper [84]; official project/download page,No durable official or archived URL retained in the current evidence package; see [84].,Paper: 2021; project-page state checked 2026-09-04
LTCC [82],Available upon request; signed Database Release Agreement required,LTCC Database Release Agreement; Fudan University copyright,Not explicitly reported in the listed evidence sources (checked 2026-09-04).,Not explicitly reported in the listed evidence sources (checked 2026-09-04).,"Research only; no commercial use; no redistribution, modification, publication, copying or dissemination of dataset records",Official project page and release protocol available; no explicit maintenance plan,2026-09-04,Original paper [82]; official project page and LTCC Database Release Agreement,No durable official or archived URL retained in the current evidence package; see [82].,Paper: 2020; project/agreement state checked 2026-09-04
VC-Clothes [S5],Publicly downloadable,Apache License 2.0,N/A (synthetic),N/A (synthetic),Use permitted under Apache License 2.0 terms,Official legacy project page and download links available; no explicit maintenance plan,2026-09-04,Original paper [S5]; official legacy project/download page,No durable official or archived URL retained in the current evidence package; see [S5].,Paper: 2020; project-page state checked 2026-09-04
DeepChange [83],Available upon request; signed Dataset Access Agreement and institutional email required,DeepChange Dataset Access Agreement,Not explicitly reported in the listed evidence sources (checked 2026-09-04).,Face blocking required for dissemination; release-wide anonymization not stated,Non-commercial research only; no redistribution; no commercial exploitation; faces must be blocked in disseminated images,Official project repository and access agreement available; no explicit maintenance plan,2026-09-04,Original paper [83]; official project repository and Dataset Access Agreement,No durable official or archived URL retained in the current evidence package; see [83].,Paper: 2023; repository/agreement state checked 2026-09-04
AG-ReID.v1 [61],Publicly downloadable,Not explicitly reported in the listed evidence sources (checked 2026-09-04).,Not explicitly reported in the listed evidence sources (checked 2026-09-04).,Not explicitly reported in the listed evidence sources (checked 2026-09-04).,Not explicitly reported in the listed evidence sources (checked 2026-09-04).,Official repository and download link available; superseded by v2 but retained,2026-09-04,Original paper [61]; official repository and download link,No durable official or archived URL retained in the current evidence package; see [61].,Original release; repository state checked 2026-09-04
AG-VPReID [32],Publicly downloadable through official Kaggle/Google Drive links,Not explicitly reported in the listed evidence sources (checked 2026-09-04).,Not explicitly reported in the listed evidence sources (checked 2026-09-04).,Not explicitly reported in the listed evidence sources (checked 2026-09-04).,Not explicitly reported in the listed evidence sources (checked 2026-09-04).,Official repository and competition materials available; FAQ intended for continued updates,2026-09-04,Original paper [32]; official repository and competition materials,No durable official or archived URL retained in the current evidence package; see [32].,Original release; repository/FAQ state checked 2026-09-04
CUHK-PEDES [34],Available upon request; university email required,No public open license; access restricted due to licensing issues,Not explicitly reported in the listed evidence sources (checked 2026-09-04).,Not explicitly reported in the listed evidence sources (checked 2026-09-04).,Academic use only,Official project repository available; legacy project,2026-09-04,Original paper [34]; official project repository and access instructions,No durable official or archived URL retained in the current evidence package; see [34].,Original release; repository/access state checked 2026-09-04
RSTPReid [35],Publicly downloadable,Repository is MIT-licensed; no separate dataset-specific license statement identified,Not explicitly reported in the listed evidence sources (checked 2026-09-04); images are derived from MSMT17.,Not explicitly reported in the listed evidence sources (checked 2026-09-04).,Underlying MSMT17 source-data restrictions require clarification,Official dataset repository and download links available; no explicit maintenance plan,2026-09-04,Original paper [35]; official dataset repository; MSMT17 source-data terms,No durable official or archived URL retained in the current evidence package; see [35] and [19].,Original release; repository/source-data terms checked 2026-09-04
