citation,stable_key,title,authors,year,venue,doi
1,ref1,Deep Learning for Person Re-Identification: A Survey and Outlook,M. Ye and J. Shen and G. Lin and T. Xiang and L. Shao and S. C. H. Hoi,2022,IEEE Transactions on Pattern Analysis and Machine Intelligence,
2,ref3,Person Re-Identification: A Retrospective on Domain Specific Open Challenges and Future Trends,A. Zahra and N. Perwaiz and M. Shahzad and M. M. Fraz,2023,Pattern Recognition,
3,ref8,Multi-Modal Multi-Platform Person Re-Identification: Benchmark and Method,R. Ha and S. Jiang and B. Li and B. Pan and Y. Zhu and J. Zhang and X. Zhu and S. Gong and J. Wang,2025,ICCV,
4,ref9,Semantic-Driven Visual Progressive Refinement for Aerial-Ground Person ReID: A Challenging Large-Scale Benchmark,A. Zheng and H. Xie and X. Wan and Z. Wang and S. Li and J. Tang and B. Luo,2026,AAAI Conference on Artificial Intelligence,
5,ref10,WHU-MARS: A Multispectral Aerial-Ground Benchmark Towards Any-Scenario Person Re-Identification,Y. Zhao and Z. Zhou and B. Yang and H. Li and J. Liang and J. Chen and B. Du and M. Ye,2026,CVPR,
6,ref19,"A Comprehensive Survey on Person Re-identification: Methods, Challenges, and Future Research Directions",M. A. Fouad and H. M. Hamza and K. M. Hosny,2026,Multimedia Tools and Applications,
7,ref20,Datasheets for Datasets,"T. Gebru and J. Morgenstern and B. Vecchione and J. W. Vaughan and H. Wallach and Daumé III, H. and K. Crawford",2021,Communications of the ACM,
8,ref21,Documenting Computer Vision Datasets: An Invitation to Reflexive Data Practices,M. Miceli and T. Yang and L. Naudts and M. Schuessler and D. Serbanescu and A. Hanna,2021,FAccT,
9,ref11,A Survey of Open-World Person Re-Identification,Q. Leng and M. Ye and Q. Tian,2020,IEEE Transactions on Circuits and Systems for Video Technology,
10,ref12,Deep Learning for Visible-Infrared Cross-Modality Person Re-Identification: A Comprehensive Review,N. Huang and J. Liu and Y. Miao and Q. Zhang and J. Han,2023,Information Fusion,
11,ref16,From Attributes to Natural Language: A Survey and Foresight on Text-Based Person Re-Identification,F. Jiang and S. Yang and M. W. Jones and L. Zhang,2025,Information Fusion,
12,ref17,Domain Generalization for Person Re-Identification: A Survey Towards Domain-Agnostic Person Matching,H. Lee and J. Park and J. Oh and C. Eom,2025,Neurocomputing,
13,ref22,From Detection to Identity Preservation: A Pipeline--Scenario--Protocol--Readiness Review of Datasets for Visual Multi-Person Tracking and Re-Identification,S. Bilakeri and Manisha and K. R. Akshatha,2026,The Visual Computer,
14,ref41,View-Decoupled Transformer for Person Re-Identification under Aerial-Ground Camera Network,Q. Zhang and L. Wang and V. M. Patel and X. Xie and J. Lai,2024,CVPR,
15,ref4,Viewpoint Invariant Pedestrian Recognition with an Ensemble of Localized Features,D. Gray and H. Tao,2008,ECCV,
16,ref5,DeepReID: Deep Filter Pairing Neural Network for Person Re-Identification,W. Li and R. Zhao and T. Xiao and X. Wang,2014,CVPR,
17,ref25,Re-Ranking Person Re-Identification With k-Reciprocal Encoding,Z. Zhong and L. Zheng and D. Cao and S. Li,2017,CVPR,
18,ref6,Scalable Person Re-Identification: A Benchmark,L. Zheng and L. Shen and L. Tian and S. Wang and J. Wang and Q. Tian,2015,ICCV,
19,ref7,Person Transfer GAN to Bridge Domain Gap for Person Re-Identification,L. Wei and S. Zhang and W. Gao and Q. Tian,2018,CVPR,
20,ref29,Camera Style Adaptation for Person Re-Identification,Z. Zhong and L. Zheng and Z. Zheng and S. Li and Y. Yang,2018,CVPR,
21,ref33,Distilling Consistent Relations for Multi-Source Domain Adaptive Person Re-Identification,Y. Xian and Y.-X. Peng and X. Sun and W.-S. Zheng,2025,Pattern Recognition,10.1016/j.patcog.2024.110821
22,ref36,Person Recognition System Based on a Combination of Body Images from Visible Light and Thermal Cameras,D. T. Nguyen and H. G. Hong and K. W. Kim and K. R. Park,2017,Sensors,10.3390/s17030605
23,ref23,RGB-Infrared Cross-Modality Person Re-Identification,A. Wu and W.-S. Zheng and H.-X. Yu and S. Gong and J. Lai,2017,ICCV,
24,ref37,Robust Multi-Modality Person Re-identification,A. Zheng and Z. Wang and Z. Chen and C. Li and J. Tang,2021,AAAI Conference on Artificial Intelligence,
25,ref24,Person Re-Identification in Aerial Imagery,S. Zhang and Q. Zhang and Y. Yang and X. Wei and P. Wang and B. Jiao and Y. Zhang,2021,IEEE Transactions on Multimedia,
26,ref39,UAV-Human: A Large Benchmark for Human Behavior Understanding With Unmanned Aerial Vehicles,T. Li and J. Liu and W. Zhang and Y. Ni and W. Wang and Z. Li,2021,CVPR,10.1109/CVPR46437.2021.01600
27,ref40,AG-ReID.v2: Bridging Aerial and Ground Views for Person Re-Identification,H. Nguyen and K. Nguyen and S. Sridharan and C. Fookes,2024,IEEE Transactions on Information Forensics and Security,
28,ref42,Towards Anytime Retrieval: A Benchmark for Anytime Person Re-Identification,X. Li and Y. Lu and B. Liu and J. Li and Q. Yang and T. Gong and Q. Chu and M. Ye and N. Yu,2025,IJCAI,
29,ref43,MARS: A Video Benchmark for Large-Scale Person Re-Identification,L. Zheng and Z. Bie and Y. Sun and J. Wang and C. Su and S. Wang and Q. Tian,2016,ECCV,
30,ref44,Person Re-Identification by Discriminative Selection in Video Ranking,T. Wang and S. Gong and X. Zhu and S. Wang,2016,IEEE Transactions on Pattern Analysis and Machine Intelligence,
31,ref45,Learning Modal-Invariant and Temporal-Memory for Video-Based Visible-Infrared Person Re-Identification,X. Lin and J. Li and Z. Ma and H. Li and S. Li and K. Xu and G. Lu and D. Zhang,2022,CVPR,
32,ref46,AG-VPReID: A Challenging Large-Scale Benchmark for Aerial-Ground Video-Based Person Re-Identification,H. Nguyen and K. Nguyen and A. Pemasiri and F. Liu and S. Sridharan and C. Fookes,2025,CVPR,
33,ref47,AG-VPReID.VIR: Bridging Aerial and Ground Platforms for Video-Based Visible-Infrared Person Re-ID,H. Nguyen and K. Nguyen and A. Pemasiri and A. Jahan and C. Fookes and S. Sridharan,2025,IEEE International Joint Conference on Biometrics,
34,ref48,Person Search With Natural Language Description,S. Li and T. Xiao and H. Li and B. Zhou and D. Yue and X. Wang,2017,CVPR,
35,ref49,DSSL: Deep Surroundings-Person Separation Learning for Text-Based Person Retrieval,A. Zhu and Z. Wang and Y. Li and X. Wan and J. Jin and T. Wang and F. Hu and G. Hua,2021,ACM Multimedia,
36,ref50,ReID5o: Achieving Omni Multi-Modal Person Re-Identification in a Single Model,J. Zuo and Y. Deng and M. Tan and R. Jin and D. Wu and N. Sang and L. Pan and C. Gao,2025,Advances in Neural Information Processing Systems,
37,ref31,Mutual Mean-Teaching: Pseudo Label Refinery for Unsupervised Domain Adaptation on Person Re-Identification,Y. Ge and D. Chen and H. Li,2020,ICLR,
38,ref32,Self-Paced Contrastive Learning with Hybrid Memory for Domain Adaptive Object Re-ID,Y. Ge and F. Zhu and D. Chen and R. Zhao and H. Li,2020,NeurIPS,
39,ref34,Style Normalization and Restitution for Generalizable Person Re-Identification,X. Jin and C. Lan and W. Zeng and Z. Chen and L. Zhang,2020,CVPR,
40,ref35,Meta Batch-Instance Normalization for Generalizable Person Re-Identification,S. Choi and T. Kim and M. Jeong and H. Park and C. Kim,2021,CVPR,
41,ref52,Person Re-Identification by Local Maximal Occurrence Representation and Metric Learning,S. Liao and Y. Hu and X. Zhu and S. Z. Li,2015,CVPR,
42,ref55,On-the-Fly Feature Importance Mining for Person Re-Identification,C. Liu and S. Gong and C. C. Loy,2014,Pattern Recognition,
43,ref56,Learning Deep Feature Representations with Domain Guided Dropout for Person Re-Identification,T. Xiao and H. Li and W. Ouyang and X. Wang,2016,CVPR,
44,ref26,In Defense of the Triplet Loss for Person Re-Identification,A. Hermans and L. Beyer and B. Leibe,2017,,
45,ref58,Bag of Tricks and a Strong Baseline for Deep Person Re-Identification,H. Luo and Y. Gu and X. Liao and S. Lai and W. Jiang,2019,CVPR Workshops,
46,ref59,Omni-Scale Feature Learning for Person Re-Identification,K. Zhou and Y. Yang and A. Cavallaro and T. Xiang,2019,ICCV,
47,ref60,Beyond Part Models: Person Retrieval with Refined Part Pooling (and a Strong Convolutional Baseline),Y. Sun and L. Zheng and Y. Yang and Q. Tian and S. Wang,2018,ECCV,10.1007/978-3-030-01225-0_30
48,ref62,Learning Discriminative Features with Multiple Granularities for Person Re-Identification,G. Wang and Y. Yuan and X. Chen and J. Li and X. Zhou,2018,ACM Multimedia,
49,ref28,TransReID: Transformer-Based Object Re-Identification,S. He and H. Luo and P. Wang and F. Wang and H. Li and W. Jiang,2021,ICCV,
50,ref66,Dynamic Dual-Attentive Aggregation Learning for Visible-Infrared Person Re-Identification,M. Ye and J. Shen and D. J. Crandall and L. Shao and J. Luo,2020,ECCV,
51,ref67,Channel Augmented Joint Learning for Visible-Infrared Recognition,M. Ye and W. Ruan and B. Du and M. Z. Shou,2021,ICCV,
52,ref70,RGB-Infrared Cross-Modality Person Re-Identification via Joint Pixel and Feature Alignment,G. Wang and T. Zhang and J. Cheng and S. Liu and Y. Yang,2019,ICCV,
53,ref68,Diverse Embedding Expansion Network and Low-Light Cross-Modality Benchmark for Visible-Infrared Person Re-Identification,Y. Zhang and H. Wang,2023,CVPR,
54,ref72,Visible-Infrared Person Re-Identification via Semantic Alignment and Affinity Inference,X. Fang and Y. Yang and Y. Fu,2023,ICCV,
55,ref73,Cross-Modality Transformer for Visible-Infrared Person Re-Identification,K. Jiang and T. Zhang and X. Liu and B. Qian and Y. Zhang and F. Wu,2022,ECCV,
56,ref74,CLIP-Driven Semantic Discovery Network for Visible-Infrared Person Re-Identification,X. Yu and N. Dong and L. Zhu and H. Peng and D. Tao,2025,IEEE Transactions on Multimedia,
57,ref75,Optimal Transport for Label-Efficient Visible-Infrared Person Re-Identification,J. Wang and Z. Zhang and M. Chen and Y. Zhang and C. Wang and B. Sheng and Y. Qu and Y. Xie,2022,ECCV,
58,ref79,DMANet: Dual-Modality Alignment Network for Visible--Infrared Person Re-Identification,X. Cheng and S. Deng and H. Yu and G. Zhao,2025,Pattern Recognition,10.1016/j.patcog.2024.110859
59,ref80,MixER: From Cross-Modal to Mixed-Modal Visible-Infrared Re-Identification,M. Alehdaghi and R. Bhattacharya and D. Yannick and P. Shamsolmoali and R. M. O. Cruz and E. Granger,2026,WACV,
60,ref38,Rotation Invariant Transformer for Recognizing Object in UAVs,S. Chen and M. Ye and B. Du,2022,ACM Multimedia,
61,ref81,Aerial-Ground Person Re-ID,H. Nguyen and K. Nguyen and S. Sridharan and C. Fookes,2023,IEEE International Conference on Multimedia and Expo (ICME),
62,ref82,Bridging the Sky and Ground: Towards View-Invariant Feature Learning for Aerial-Ground Person Re-Identification,W. Khalid and B. Liu and X. Li and M. Waqas and M. S. Afgan,2025,ICCV,
63,ref83,View-Aware Semantic Alignment for Aerial-Ground Person Re-Identification,Q. Zhang and Z. Cai and P. Zhao and J. Wu and C. Wu and H. Chen and J. Lai,2026,CVPR,
64,ref84,SeCap: Self-Calibrating and Adaptive Prompts for Cross-view Person Re-Identification in Aerial-Ground Networks,S. Wang and Y. Wang and R. Wu and B. Jiao and W. Wang and P. Wang,2025,CVPR,
65,ref87,CLIP-ReID: Exploiting Vision-Language Model for Image Re-Identification without Concrete Text Labels,S. Li and L. Sun and Q. Li,2023,AAAI Conference on Artificial Intelligence,
66,ref88,A Pedestrian Is Worth One Prompt: Towards Language Guidance Person Re-Identification,Z. Yang and D. Wu and C. Wu and Z. Lin and J. Gu and W. Wang,2024,CVPR,
67,ref89,Attribute-Guided Pedestrian Retrieval: Bridging Person Re-ID with Internal Attribute Variability,Y. Huang and Z. Zhang and Q. Wu and Y. Zhong and L. Wang,2024,CVPR,
68,ref90,Deep Cross-Modal Projection Learning for Image-Text Matching,Y. Zhang and H. Lu,2018,ECCV,10.1007/978-3-030-01246-5_42
69,ref92,Cross-Modal Implicit Relation Reasoning and Aligning for Text-to-Image Person Retrieval,D. Jiang and M. Ye,2023,CVPR,
70,ref93,Instruct-ReID: A Multi-Purpose Person Re-Identification Task with Instructions,W. He and Y. Deng and S. Tang and Q. Chen and Q. Xie and Y. Wang and L. Bai and F. Zhu and R. Zhao and W. Ouyang and D. Qi and Y. Yan,2024,CVPR,
71,ref94,Learning Transferable Visual Models from Natural Language Supervision,A. Radford and J. W. Kim and C. Hallacy and A. Ramesh and G. Goh and S. Agarwal and G. Sastry and A. Askell and P. Mishkin and J. Clark and G. Krueger and I. Sutskever,2021,ICML,
72,ref105,Confidence Guided Semi-Supervised Cross-Modality Person Re-Identification,X. Zhu and L. Dong and X. Chen and X. Zhang and F. Qi and X.-Y. Jing,2025,Pattern Recognition,10.1016/j.patcog.2025.111669
73,ref107,Open-Set Person Re-Identification,S. Liao and Z. Mo and J. Zhu and Y. Hu and S. Z. Li,2014,,
74,ref108,Towards Open-World Person Re-Identification by One-Shot Group-Based Verification,W.-S. Zheng and S. Gong and T. Xiang,2016,IEEE Transactions on Pattern Analysis and Machine Intelligence,
75,ref109,Adversarial Open-World Person Re-Identification,X. Li and A. Wu and W.-S. Zheng,2018,ECCV,10.1007/978-3-030-01216-8_18
76,ref110,Lifelong Person Re-Identification via Adaptive Knowledge Accumulation,N. Pu and W. Chen and Y. Liu and E. M. Bakker and M. S. Lew,2021,CVPR,
77,ref111,Lifelong Person Re-Identification via Knowledge Refreshing and Consolidation,C. Yu and Y. Shi and Z. Liu and S. Gao and J. Wang,2023,AAAI Conference on Artificial Intelligence,
78,ref112,Learning Continual Compatible Representation for Re-Indexing Free Lifelong Person Re-Identification,Z. Cui and J. Zhou and X. Wang and M. Zhu and Y. Peng,2024,CVPR,
79,ref113,Distribution-Aware Knowledge Prototyping for Non-Exemplar Lifelong Person Re-Identification,K. Xu and X. Zou and Y. Peng and J. Zhou,2024,CVPR,
80,ref114,DKC: Differentiated Knowledge Consolidation for Cloth-Hybrid Lifelong Person Re-Identification,Z. Cui and J. Zhou and Y. Peng,2025,CVPR,
81,ref115,TP-LReID: Lifelong Person Re-Identification Using Text Prompts,Z. Liu and Z. Guo and C. Feng and W. Li and K. Yu and J. Hu and J. Yang,2026,Pattern Recognition,10.1016/j.patcog.2025.112326
82,ref99,Long-Term Cloth-Changing Person Re-identification,X. Qian and W. Wang and L. Zhang and F. Zhu and Y. Fu and T. Xiang and Y.-G. Jiang and X. Xue,2020,ACCV,
83,ref100,DeepChange: A Long-Term Person Re-Identification Benchmark with Clothes Change,P. Xu and X. Zhu,2023,ICCV,
84,ref101,Person Re-Identification by Contour Sketch Under Moderate Clothing Change,Q. Yang and A. Wu and W.-S. Zheng,2021,IEEE Transactions on Pattern Analysis and Machine Intelligence,
85,ref103,An In-Depth Exploration of Person Re-Identification and Gait Recognition in Cloth-Changing Conditions,W. Li and S. Hou and C. Zhang and C. Cao and X. Liu and Y. Huang and Y. Zhao,2023,CVPR,
86,ref116,"Towards Cross-Modal Preservation, Consistency and Alignment for Privacy-Preserving Visible-Infrared Person Re-Identification",Y. Xie and Z. Zhou and B. Yang and Z. Chen and M. Ye,2026,CVPR,
87,ref117,Privacy preserving person re-identification via anonymizing diffusion model,R. Wang and R. Lin and J. Yang and H. Ni and J. Song,2026,Pattern Recognition,
88,ref118,From Laboratory to Real World: A New Benchmark Towards Privacy-Preserved Visible-Infrared Person Re-Identification,Y. Jiang and H. Yu and X. Cheng and H. Chen and Z. Sun and G. Zhao,2025,CVPR,
