Dataset,Evidence source,Official URL or archived URL,Source version/date,Availability checked
VIPeR [15],Original paper [15]; legacy Duke project page; Internet Archive index,https://web.archive.org/web/*/https://vision.cs.duke.edu/projects/viper/,Paper: 2008; archived landing-page index checked 2026-09-04,2026-09-04
"CUHK03 [16, 17]",Original paper [16]; CUHK person-identification data index; CUHK03-NP [17],https://www.ee.cuhk.edu.hk/~xgwang/CUHK_identification.html,Papers: 2014/2017; page checked 2026-09-04,2026-09-04
Market-1501 [18],Original paper [18]; official Market-1501 project/access page,https://zheng-lab-anu.github.io/Project/project_reid.html,Paper: 2015; page checked 2026-09-04,2026-09-04
MSMT17 [19],Original paper [19]; official PKU VMC release page and MSMT17 Release Agreement,https://www.pkuvmc.com/,Paper: 2018; agreement/page state checked 2026-09-04,2026-09-04
RegDB [22],Original paper [22]; legacy project link referenced by the release,https://doi.org/10.3390/s17030605,Paper: 2017; legacy-link status checked 2026-09-04,2026-09-04
SYSU-MM01 [23],Original paper [23]; official SYSU-MM01 repository and Dataset Release Agreement,https://github.com/wuancong/SYSU-MM01,Paper: 2017; repository/agreement state checked 2026-09-04,2026-09-04
RGBNT201 [24],Original paper [24]; author dataset page/download link,No durable official or archived URL retained in the current evidence package; see [24].,Paper: 2021; source package checked 2026-09-04,2026-09-04
PRAI-1581 [25],Original paper [25]; official PRAI-1581 repository,https://github.com/stormyoung/PRAI-1581,Paper: 2021; repository state checked 2026-09-04,2026-09-04
AG-ReID.v2 [27],Original paper [27]; official AG-ReID.v2 repository,https://github.com/huynguyen792/AG-ReID.v2,Paper: 2024; repository state checked 2026-09-04,2026-09-04
CARGO [14],Original paper [14]; authors' official project/repository,No durable official or archived URL retained in the current evidence package; see [14].,Paper: 2024; source package checked 2026-09-04,2026-09-04
CP2108 [4],Original paper [4]; official repository and dataset-usage-license reference,No durable official or archived URL retained in the current evidence package; see [4].,Original release; repository state checked 2026-09-04,2026-09-04
AT-USTC [28],Original paper [28]; official repository and Dataset Release Agreement,No durable official or archived URL retained in the current evidence package; see [28].,Original release; repository/agreement state checked 2026-09-04,2026-09-04
MP-ReID [3],Original paper [3]; official MP-ReID repository and dataset agreement,https://github.com/MP-ReID/mp-reid,Paper: 2025; repository/agreement state checked 2026-09-04,2026-09-04
WHU-MARS [5],Original paper [5]; official WHU-MARS repository and Dataset Agreement,https://github.com/msm8976/WHU-MARS,Release: 2026; repository/agreement state checked 2026-09-04,2026-09-04
CUHK01 [S1],Original paper [S1]; CUHK person-identification data index,https://www.ee.cuhk.edu.hk/~xgwang/CUHK_identification.html,Paper: 2012; page checked 2026-09-04,2026-09-04
CUHK02 [S2],Original paper [S2]; CUHK person-identification data index,https://www.ee.cuhk.edu.hk/~xgwang/CUHK_identification.html,Paper: 2013; page checked 2026-09-04,2026-09-04
GRID [42],Original paper [42]; legacy official GRID page,No durable official or archived URL retained in the current evidence package; see [42].,Original release; legacy-page status checked 2026-09-04,2026-09-04
"DukeMTMC-reID [S3, S4]",Original paper [S4]; creators' withdrawal notice; CVF ethics guidance,https://www.cv-foundation.org/ethics,Original release: 2016; withdrawal guidance checked 2026-09-04,2026-09-04
MARS [29],Original paper [29]; official MARS project/download page,https://zheng-lab-anu.github.io/Project/project_mars.html,Paper: 2016; page checked 2026-09-04,2026-09-04
iLIDS-VID [30],Original paper [30]; legacy iLIDS-VID dataset page,No durable official or archived URL retained in the current evidence package; see [30].,Paper: 2016; legacy-page status checked 2026-09-04,2026-09-04
LLCM [53],Original paper [53]; official LLCM repository and Dataset Release Agreement,https://github.com/ZYK100/LLCM,Paper: 2023; repository/agreement state checked 2026-09-04,2026-09-04
HITSZ-VCM [31],Original paper [31]; official repository and dataset-specific license,No durable official or archived URL retained in the current evidence package; see [31].,Paper: 2022; repository/license state checked 2026-09-04,2026-09-04
PRCC [84],Original paper [84]; official project/download page,No durable official or archived URL retained in the current evidence package; see [84].,Paper: 2021; project-page state checked 2026-09-04,2026-09-04
LTCC [82],Original paper [82]; official project page and LTCC Database Release Agreement,No durable official or archived URL retained in the current evidence package; see [82].,Paper: 2020; project/agreement state checked 2026-09-04,2026-09-04
VC-Clothes [S5],Original paper [S5]; official legacy project/download page,No durable official or archived URL retained in the current evidence package; see [S5].,Paper: 2020; project-page state checked 2026-09-04,2026-09-04
DeepChange [83],Original paper [83]; official project repository and Dataset Access Agreement,No durable official or archived URL retained in the current evidence package; see [83].,Paper: 2023; repository/agreement state checked 2026-09-04,2026-09-04
AG-ReID.v1 [61],Original paper [61]; official repository and download link,No durable official or archived URL retained in the current evidence package; see [61].,Original release; repository state checked 2026-09-04,2026-09-04
AG-VPReID [32],Original paper [32]; official repository and competition materials,No durable official or archived URL retained in the current evidence package; see [32].,Original release; repository/FAQ state checked 2026-09-04,2026-09-04
CUHK-PEDES [34],Original paper [34]; official project repository and access instructions,No durable official or archived URL retained in the current evidence package; see [34].,Original release; repository/access state checked 2026-09-04,2026-09-04
RSTPReid [35],Original paper [35]; official dataset repository; MSMT17 source-data terms,No durable official or archived URL retained in the current evidence package; see [35] and [19].,Original release; repository/source-data terms checked 2026-09-04,2026-09-04
